city,date,venue,winner
Bangalore,2008-04-18,M Chinnaswamy Stadium,Kolkata Knight Riders
Chandigarh,2008-04-19,"Punjab Cricket Association Stadium, Mohali",Chennai Super Kings
Delhi,2008-04-19,Feroz Shah Kotla,Delhi Daredevils
Mumbai,2008-04-20,Wankhede Stadium,Royal Challengers Bangalore
Kolkata,2008-04-20,Eden Gardens,Kolkata Knight Riders
Jaipur,2008-04-21,Sawai Mansingh Stadium,Rajasthan Royals
Hyderabad,2008-04-22,"Rajiv Gandhi International Stadium, Uppal",Delhi Daredevils
Chennai,2008-04-23,"MA Chidambaram Stadium, Chepauk",Chennai Super Kings
Hyderabad,2008-04-24,"Rajiv Gandhi International Stadium, Uppal",Rajasthan Royals
Chandigarh,2008-04-25,"Punjab Cricket Association Stadium, Mohali",Kings XI Punjab
Bangalore,2008-04-26,M Chinnaswamy Stadium,Rajasthan Royals
Chennai,2008-04-26,"MA Chidambaram Stadium, Chepauk",Chennai Super Kings
Mumbai,2008-04-27,Dr DY Patil Sports Academy,Deccan Chargers
Chandigarh,2008-04-27,"Punjab Cricket Association Stadium, Mohali",Kings XI Punjab
Bangalore,2008-04-28,M Chinnaswamy Stadium,Chennai Super Kings
Kolkata,2008-04-29,Eden Gardens,Mumbai Indians
Delhi,2008-04-30,Feroz Shah Kotla,Delhi Daredevils
Hyderabad,2008-05-01,"Rajiv Gandhi International Stadium, Uppal",Kings XI Punjab
Jaipur,2008-05-01,Sawai Mansingh Stadium,Rajasthan Royals
Chennai,2008-05-02,"MA Chidambaram Stadium, Chepauk",Delhi Daredevils
Hyderabad,2008-05-25,"Rajiv Gandhi International Stadium, Uppal",Royal Challengers Bangalore
Chandigarh,2008-05-03,"Punjab Cricket Association Stadium, Mohali",Kings XI Punjab
Mumbai,2008-05-04,Dr DY Patil Sports Academy,Mumbai Indians
Jaipur,2008-05-04,Sawai Mansingh Stadium,Rajasthan Royals
Bangalore,2008-05-05,M Chinnaswamy Stadium,Kings XI Punjab
Chennai,2008-05-06,"MA Chidambaram Stadium, Chepauk",Deccan Chargers
Mumbai,2008-05-07,Dr DY Patil Sports Academy,Mumbai Indians
Delhi,2008-05-08,Feroz Shah Kotla,Chennai Super Kings
Kolkata,2008-05-08,Eden Gardens,Kolkata Knight Riders
Jaipur,2008-05-09,Sawai Mansingh Stadium,Rajasthan Royals
Bangalore,2008-05-28,M Chinnaswamy Stadium,Mumbai Indians
Chennai,2008-05-10,"MA Chidambaram Stadium, Chepauk",Chennai Super Kings
Hyderabad,2008-05-11,"Rajiv Gandhi International Stadium, Uppal",Kolkata Knight Riders
Jaipur,2008-05-11,Sawai Mansingh Stadium,Rajasthan Royals
Chandigarh,2008-05-12,"Punjab Cricket Association Stadium, Mohali",Kings XI Punjab
Kolkata,2008-05-13,Eden Gardens,Kolkata Knight Riders
Mumbai,2008-05-14,Wankhede Stadium,Mumbai Indians
Chandigarh,2008-05-28,"Punjab Cricket Association Stadium, Mohali",Kings XI Punjab
Delhi,2008-05-15,Feroz Shah Kotla,Delhi Daredevils
Mumbai,2008-05-16,Wankhede Stadium,Mumbai Indians
Delhi,2008-05-17,Feroz Shah Kotla,Kings XI Punjab
Jaipur,2008-05-17,Sawai Mansingh Stadium,Rajasthan Royals
Hyderabad,2008-05-18,"Rajiv Gandhi International Stadium, Uppal",Mumbai Indians
Kolkata,2008-05-18,Eden Gardens,Chennai Super Kings
Bangalore,2008-05-19,M Chinnaswamy Stadium,Delhi Daredevils
Kolkata,2008-05-20,Eden Gardens,Rajasthan Royals
Mumbai,2008-05-21,Wankhede Stadium,Kings XI Punjab
Chennai,2008-05-21,"MA Chidambaram Stadium, Chepauk",Royal Challengers Bangalore
Chandigarh,2008-05-23,"Punjab Cricket Association Stadium, Mohali",Kings XI Punjab
Delhi,2008-05-24,Feroz Shah Kotla,Delhi Daredevils
Chennai,2008-05-24,"MA Chidambaram Stadium, Chepauk",Rajasthan Royals
Bangalore,2008-05-03,M Chinnaswamy Stadium,Royal Challengers Bangalore
Kolkata,2008-05-25,Eden Gardens,Kolkata Knight Riders
Jaipur,2008-05-26,Sawai Mansingh Stadium,Rajasthan Royals
Hyderabad,2008-05-27,"Rajiv Gandhi International Stadium, Uppal",Chennai Super Kings
Mumbai,2008-05-30,Wankhede Stadium,Rajasthan Royals
Mumbai,2008-05-31,Wankhede Stadium,Chennai Super Kings
Mumbai,2008-06-01,Dr DY Patil Sports Academy,Rajasthan Royals
Cape Town,2009-04-18,Newlands,Mumbai Indians
Cape Town,2009-04-18,Newlands,Royal Challengers Bangalore
Cape Town,2009-04-19,Newlands,Delhi Daredevils
Cape Town,2009-04-19,Newlands,Deccan Chargers
Port Elizabeth,2009-04-20,St George's Park,Chennai Super Kings
Durban,2009-04-21,Kingsmead,Kolkata Knight Riders
Cape Town,2009-04-22,Newlands,Deccan Chargers
Durban,2009-04-23,Kingsmead,Delhi Daredevils
Cape Town,2009-04-23,Newlands,Rajasthan Royals
Durban,2009-04-24,Kingsmead,Kings XI Punjab
Durban,2009-04-25,Kingsmead,Deccan Chargers
Port Elizabeth,2009-04-26,St George's Park,Delhi Daredevils
Cape Town,2009-04-26,Newlands,Kings XI Punjab
Durban,2009-04-27,Kingsmead,Deccan Chargers
Port Elizabeth,2009-04-27,St George's Park,Mumbai Indians
Centurion,2009-04-28,SuperSport Park,Rajasthan Royals
Durban,2009-04-29,Kingsmead,Royal Challengers Bangalore
Durban,2009-04-29,Kingsmead,Kings XI Punjab
Centurion,2009-04-30,SuperSport Park,Delhi Daredevils
Centurion,2009-04-30,SuperSport Park,Chennai Super Kings
East London,2009-05-01,Buffalo Park,Mumbai Indians
Durban,2009-05-01,Kingsmead,Royal Challengers Bangalore
Port Elizabeth,2009-05-02,St George's Park,Rajasthan Royals
Johannesburg,2009-05-02,New Wanderers Stadium,Chennai Super Kings
Port Elizabeth,2009-05-03,St George's Park,Kings XI Punjab
Johannesburg,2009-05-03,New Wanderers Stadium,Royal Challengers Bangalore
East London,2009-05-04,Buffalo Park,Chennai Super Kings
Durban,2009-05-05,Kingsmead,Rajasthan Royals
Durban,2009-05-05,Kingsmead,Delhi Daredevils
Centurion,2009-05-06,SuperSport Park,Deccan Chargers
Centurion,2009-05-07,SuperSport Park,Rajasthan Royals
Centurion,2009-05-07,SuperSport Park,Chennai Super Kings
East London,2009-05-08,Buffalo Park,Delhi Daredevils
Kimberley,2009-05-09,De Beers Diamond Oval,Kings XI Punjab
Kimberley,2009-05-09,De Beers Diamond Oval,Chennai Super Kings
Port Elizabeth,2009-05-10,St George's Park,Mumbai Indians
Johannesburg,2009-05-10,New Wanderers Stadium,Delhi Daredevils
Kimberley,2009-05-11,De Beers Diamond Oval,Deccan Chargers
Centurion,2009-05-12,SuperSport Park,Royal Challengers Bangalore
Centurion,2009-05-12,SuperSport Park,Mumbai Indians
Durban,2009-05-13,Kingsmead,Delhi Daredevils
Durban,2009-05-14,Kingsmead,Royal Challengers Bangalore
Durban,2009-05-14,Kingsmead,Rajasthan Royals
Bloemfontein,2009-05-15,OUTsurance Oval,Kings XI Punjab
Port Elizabeth,2009-05-16,St George's Park,Chennai Super Kings
Johannesburg,2009-05-16,New Wanderers Stadium,Deccan Chargers
Johannesburg,2009-05-17,New Wanderers Stadium,Kings XI Punjab
Bloemfontein,2009-05-17,OUTsurance Oval,Delhi Daredevils
Centurion,2009-05-18,SuperSport Park,Kolkata Knight Riders
Johannesburg,2009-05-19,New Wanderers Stadium,Royal Challengers Bangalore
Durban,2009-05-20,Kingsmead,Kolkata Knight Riders
Durban,2009-05-20,Kingsmead,Chennai Super Kings
Centurion,2009-05-21,SuperSport Park,Delhi Daredevils
Centurion,2009-05-21,SuperSport Park,Royal Challengers Bangalore
Centurion,2009-05-22,SuperSport Park,Deccan Chargers
Johannesburg,2009-05-23,New Wanderers Stadium,Royal Challengers Bangalore
Johannesburg,2009-05-24,New Wanderers Stadium,Deccan Chargers
Mumbai,2010-03-12,Dr DY Patil Sports Academy,Kolkata Knight Riders
Mumbai,2010-03-13,Brabourne Stadium,Mumbai Indians
Chandigarh,2010-03-13,"Punjab Cricket Association Stadium, Mohali",Delhi Daredevils
Kolkata,2010-03-14,Eden Gardens,Kolkata Knight Riders
Chennai,2010-03-14,"MA Chidambaram Stadium, Chepauk",Deccan Chargers
Ahmedabad,2010-03-15,"Sardar Patel Stadium, Motera",Delhi Daredevils
Bangalore,2010-03-16,M Chinnaswamy Stadium,Royal Challengers Bangalore
Kolkata,2010-03-16,Eden Gardens,Chennai Super Kings
Delhi,2010-03-17,Feroz Shah Kotla,Mumbai Indians
Bangalore,2010-03-18,M Chinnaswamy Stadium,Royal Challengers Bangalore
Delhi,2010-03-19,Feroz Shah Kotla,Chennai Super Kings
Cuttack,2010-03-19,Barabati Stadium,Deccan Chargers
Ahmedabad,2010-03-20,"Sardar Patel Stadium, Motera",Rajasthan Royals
Mumbai,2010-03-20,Brabourne Stadium,Royal Challengers Bangalore
Cuttack,2010-03-21,Barabati Stadium,Deccan Chargers
Chennai,2010-03-21,"MA Chidambaram Stadium, Chepauk",Kings XI Punjab
Mumbai,2010-03-22,Brabourne Stadium,Mumbai Indians
Bangalore,2010-03-23,M Chinnaswamy Stadium,Royal Challengers Bangalore
Chandigarh,2010-03-24,"Punjab Cricket Association Stadium, Mohali",Rajasthan Royals
Mumbai,2010-03-25,Brabourne Stadium,Mumbai Indians
Ahmedabad,2010-03-26,"Sardar Patel Stadium, Motera",Rajasthan Royals
Chandigarh,2010-03-27,"Punjab Cricket Association Stadium, Mohali",Kolkata Knight Riders
Bangalore,2010-03-25,M Chinnaswamy Stadium,Delhi Daredevils
Ahmedabad,2010-03-28,"Sardar Patel Stadium, Motera",Rajasthan Royals
Mumbai,2010-03-28,Dr DY Patil Sports Academy,Mumbai Indians
Delhi,2010-03-29,Feroz Shah Kotla,Delhi Daredevils
Mumbai,2010-03-30,Brabourne Stadium,Mumbai Indians
Chennai,2010-03-31,"MA Chidambaram Stadium, Chepauk",Chennai Super Kings
Delhi,2010-03-31,Feroz Shah Kotla,Delhi Daredevils
Kolkata,2010-04-01,Eden Gardens,Kolkata Knight Riders
Chandigarh,2010-04-02,"Punjab Cricket Association Stadium, Mohali",Royal Challengers Bangalore
Chennai,2010-04-03,"MA Chidambaram Stadium, Chepauk",Chennai Super Kings
Mumbai,2010-04-03,Brabourne Stadium,Mumbai Indians
Kolkata,2010-04-04,Eden Gardens,Kings XI Punjab
Delhi,2010-04-04,Feroz Shah Kotla,Delhi Daredevils
Nagpur,2010-04-05,"Vidarbha Cricket Association Stadium, Jamtha",Rajasthan Royals
Chennai,2010-04-06,"MA Chidambaram Stadium, Chepauk",Chennai Super Kings
Jaipur,2010-04-07,Sawai Mansingh Stadium,Rajasthan Royals
Kolkata,2010-04-07,Eden Gardens,Kolkata Knight Riders
Bangalore,2010-04-08,M Chinnaswamy Stadium,Deccan Chargers
Chandigarh,2010-04-09,"Punjab Cricket Association Stadium, Mohali",Kings XI Punjab
Nagpur,2010-04-10,"Vidarbha Cricket Association Stadium, Jamtha",Deccan Chargers
Bangalore,2010-04-10,M Chinnaswamy Stadium,Royal Challengers Bangalore
Delhi,2010-04-11,Feroz Shah Kotla,Kings XI Punjab
Jaipur,2010-04-11,Sawai Mansingh Stadium,Mumbai Indians
Nagpur,2010-04-12,"Vidarbha Cricket Association Stadium, Jamtha",Deccan Chargers
Mumbai,2010-04-13,Brabourne Stadium,Mumbai Indians
Chennai,2010-04-13,"MA Chidambaram Stadium, Chepauk",Chennai Super Kings
Jaipur,2010-04-14,Sawai Mansingh Stadium,Royal Challengers Bangalore
Chennai,2010-04-15,"MA Chidambaram Stadium, Chepauk",Delhi Daredevils
Dharamsala,2010-04-16,Himachal Pradesh Cricket Association Stadium,Deccan Chargers
Bangalore,2010-04-17,M Chinnaswamy Stadium,Mumbai Indians
Kolkata,2010-04-17,Eden Gardens,Kolkata Knight Riders
Dharamsala,2010-04-18,Himachal Pradesh Cricket Association Stadium,Chennai Super Kings
Delhi,2010-04-18,Feroz Shah Kotla,Deccan Chargers
Kolkata,2010-04-19,Eden Gardens,Kolkata Knight Riders
Mumbai,2010-04-21,Dr DY Patil Sports Academy,Mumbai Indians
Mumbai,2010-04-22,Dr DY Patil Sports Academy,Chennai Super Kings
Mumbai,2010-04-24,Dr DY Patil Sports Academy,Royal Challengers Bangalore
Mumbai,2010-04-25,Dr DY Patil Sports Academy,Chennai Super Kings
Chennai,2011-04-08,"MA Chidambaram Stadium, Chepauk",Chennai Super Kings
Hyderabad,2011-04-09,"Rajiv Gandhi International Stadium, Uppal",Rajasthan Royals
Kochi,2011-04-09,Nehru Stadium,Royal Challengers Bangalore
Delhi,2011-04-10,Feroz Shah Kotla,Mumbai Indians
Mumbai,2011-04-10,Dr DY Patil Sports Academy,Pune Warriors
Kolkata,2011-04-11,Eden Gardens,Kolkata Knight Riders
Jaipur,2011-04-12,Sawai Mansingh Stadium,Rajasthan Royals
Bangalore,2011-04-12,M Chinnaswamy Stadium,Mumbai Indians
Chandigarh,2011-04-13,"Punjab Cricket Association Stadium, Mohali",Kings XI Punjab
Mumbai,2011-04-13,Dr DY Patil Sports Academy,Pune Warriors
Hyderabad,2011-04-14,"Rajiv Gandhi International Stadium, Uppal",Deccan Chargers
Jaipur,2011-04-15,Sawai Mansingh Stadium,Kolkata Knight Riders
Mumbai,2011-04-15,Wankhede Stadium,Kochi Tuskers Kerala
Chennai,2011-04-16,"MA Chidambaram Stadium, Chepauk",Chennai Super Kings
Hyderabad,2011-04-16,"Rajiv Gandhi International Stadium, Uppal",Kings XI Punjab
Mumbai,2011-04-17,Dr DY Patil Sports Academy,Delhi Daredevils
Kolkata,2011-04-17,Eden Gardens,Kolkata Knight Riders
Kochi,2011-04-18,Nehru Stadium,Kochi Tuskers Kerala
Delhi,2011-04-19,Feroz Shah Kotla,Deccan Chargers
Mumbai,2011-04-20,Wankhede Stadium,Mumbai Indians
Kolkata,2011-04-20,Eden Gardens,Kochi Tuskers Kerala
Chandigarh,2011-04-21,"Punjab Cricket Association Stadium, Mohali",Kings XI Punjab
Mumbai,2011-04-22,Wankhede Stadium,Mumbai Indians
Kolkata,2011-04-22,Eden Gardens,Royal Challengers Bangalore
Delhi,2011-04-23,Feroz Shah Kotla,Delhi Daredevils
Hyderabad,2011-04-24,"Rajiv Gandhi International Stadium, Uppal",Mumbai Indians
Jaipur,2011-04-24,Sawai Mansingh Stadium,Rajasthan Royals
Chennai,2011-04-25,"MA Chidambaram Stadium, Chepauk",Chennai Super Kings
Delhi,2011-04-26,Feroz Shah Kotla,Royal Challengers Bangalore
Mumbai,2011-04-27,Dr DY Patil Sports Academy,Chennai Super Kings
Kochi,2011-04-27,Nehru Stadium,Deccan Chargers
Delhi,2011-04-28,Feroz Shah Kotla,Kolkata Knight Riders
Jaipur,2011-04-29,Sawai Mansingh Stadium,Rajasthan Royals
Bangalore,2011-04-29,M Chinnaswamy Stadium,Royal Challengers Bangalore
Kochi,2011-04-30,Nehru Stadium,Delhi Daredevils
Kolkata,2011-04-30,Eden Gardens,Kolkata Knight Riders
Jaipur,2011-05-01,Sawai Mansingh Stadium,Rajasthan Royals
Chennai,2011-05-01,"MA Chidambaram Stadium, Chepauk",Chennai Super Kings
Mumbai,2011-05-02,Wankhede Stadium,Mumbai Indians
Delhi,2011-05-02,Feroz Shah Kotla,Kochi Tuskers Kerala
Hyderabad,2011-05-03,"Rajiv Gandhi International Stadium, Uppal",Kolkata Knight Riders
Chennai,2011-05-04,"MA Chidambaram Stadium, Chepauk",Chennai Super Kings
Mumbai,2011-05-04,Dr DY Patil Sports Academy,Mumbai Indians
Kochi,2011-05-05,Nehru Stadium,Kochi Tuskers Kerala
Hyderabad,2011-05-05,"Rajiv Gandhi International Stadium, Uppal",Delhi Daredevils
Bangalore,2011-05-06,M Chinnaswamy Stadium,Royal Challengers Bangalore
Kolkata,2011-05-07,Eden Gardens,Kolkata Knight Riders
Mumbai,2011-05-07,Wankhede Stadium,Mumbai Indians
Bangalore,2011-05-08,M Chinnaswamy Stadium,Royal Challengers Bangalore
Chandigarh,2011-05-08,"Punjab Cricket Association Stadium, Mohali",Pune Warriors
Jaipur,2011-05-09,Sawai Mansingh Stadium,Chennai Super Kings
Hyderabad,2011-05-10,"Rajiv Gandhi International Stadium, Uppal",Pune Warriors
Chandigarh,2011-05-10,"Punjab Cricket Association Stadium, Mohali",Kings XI Punjab
Jaipur,2011-05-11,Sawai Mansingh Stadium,Royal Challengers Bangalore
Chennai,2011-05-12,"MA Chidambaram Stadium, Chepauk",Chennai Super Kings
Indore,2011-05-13,Holkar Cricket Stadium,Kings XI Punjab
Bangalore,2011-05-14,M Chinnaswamy Stadium,Royal Challengers Bangalore
Mumbai,2011-05-14,Wankhede Stadium,Deccan Chargers
Dharamsala,2011-05-15,Himachal Pradesh Cricket Association Stadium,Kings XI Punjab
Indore,2011-05-15,Holkar Cricket Stadium,Kochi Tuskers Kerala
Mumbai,2011-05-16,Dr DY Patil Sports Academy,Deccan Chargers
Dharamsala,2011-05-17,Himachal Pradesh Cricket Association Stadium,Kings XI Punjab
Chennai,2011-05-18,"MA Chidambaram Stadium, Chepauk",Chennai Super Kings
Mumbai,2011-05-19,Dr DY Patil Sports Academy,Kolkata Knight Riders
Mumbai,2011-05-20,Wankhede Stadium,Rajasthan Royals
Dharamsala,2011-05-21,Himachal Pradesh Cricket Association Stadium,Deccan Chargers
Delhi,2011-05-21,Feroz Shah Kotla,
Bangalore,2011-05-22,M Chinnaswamy Stadium,Royal Challengers Bangalore
Kolkata,2011-05-22,Eden Gardens,Mumbai Indians
Mumbai,2011-05-24,Wankhede Stadium,Chennai Super Kings
Mumbai,2011-05-25,Wankhede Stadium,Mumbai Indians
Chennai,2011-05-27,"MA Chidambaram Stadium, Chepauk",Royal Challengers Bangalore
Chennai,2011-05-28,"MA Chidambaram Stadium, Chepauk",Chennai Super Kings
Chennai,2012-04-04,"MA Chidambaram Stadium, Chepauk",Mumbai Indians
Kolkata,2012-04-05,Eden Gardens,Delhi Daredevils
Mumbai,2012-04-06,Wankhede Stadium,Pune Warriors
Jaipur,2012-04-06,Sawai Mansingh Stadium,Rajasthan Royals
Bangalore,2012-04-07,M Chinnaswamy Stadium,Royal Challengers Bangalore
Visakhapatnam,2012-04-07,Dr. Y.S. Rajasekhara Reddy ACA-VDCA Cricket Stadium,Chennai Super Kings
Jaipur,2012-04-08,Sawai Mansingh Stadium,Rajasthan Royals
Pune,2012-04-08,Subrata Roy Sahara Stadium,Pune Warriors
Visakhapatnam,2012-04-09,Dr. Y.S. Rajasekhara Reddy ACA-VDCA Cricket Stadium,Mumbai Indians
Bangalore,2012-04-10,M Chinnaswamy Stadium,Kolkata Knight Riders
Delhi,2012-04-10,Feroz Shah Kotla,Delhi Daredevils
Mumbai,2012-04-11,Wankhede Stadium,Mumbai Indians
Chennai,2012-04-12,"MA Chidambaram Stadium, Chepauk",Chennai Super Kings
Chandigarh,2012-04-12,"Punjab Cricket Association Stadium, Mohali",Kings XI Punjab
Kolkata,2012-04-13,Eden Gardens,Kolkata Knight Riders
Delhi,2012-04-19,Feroz Shah Kotla,Delhi Daredevils
Pune,2012-04-14,Subrata Roy Sahara Stadium,Pune Warriors
Kolkata,2012-04-15,Eden Gardens,Kings XI Punjab
Bangalore,2012-04-15,M Chinnaswamy Stadium,Rajasthan Royals
Mumbai,2012-04-16,Wankhede Stadium,Delhi Daredevils
Jaipur,2012-04-17,Sawai Mansingh Stadium,Rajasthan Royals
Bangalore,2012-04-17,M Chinnaswamy Stadium,Royal Challengers Bangalore
Chandigarh,2012-04-18,"Punjab Cricket Association Stadium, Mohali",Kolkata Knight Riders
Hyderabad,2012-05-10,"Rajiv Gandhi International Stadium, Uppal",Delhi Daredevils
Chennai,2012-04-19,"MA Chidambaram Stadium, Chepauk",Chennai Super Kings
Chandigarh,2012-04-20,"Punjab Cricket Association Stadium, Mohali",Royal Challengers Bangalore
Chennai,2012-04-21,"MA Chidambaram Stadium, Chepauk",Chennai Super Kings
Delhi,2012-04-21,Feroz Shah Kotla,Pune Warriors
Mumbai,2012-04-22,Wankhede Stadium,Kings XI Punjab
Cuttack,2012-04-22,Barabati Stadium,Kolkata Knight Riders
Jaipur,2012-04-23,Sawai Mansingh Stadium,Royal Challengers Bangalore
Pune,2012-04-24,Subrata Roy Sahara Stadium,Delhi Daredevils
Chandigarh,2012-04-25,"Punjab Cricket Association Stadium, Mohali",Mumbai Indians
Pune,2012-04-26,Subrata Roy Sahara Stadium,Deccan Chargers
Delhi,2012-04-27,Feroz Shah Kotla,Delhi Daredevils
Chennai,2012-04-28,"MA Chidambaram Stadium, Chepauk",Kings XI Punjab
Kolkata,2012-04-28,Eden Gardens,Kolkata Knight Riders
Delhi,2012-04-29,Feroz Shah Kotla,Delhi Daredevils
Mumbai,2012-04-29,Wankhede Stadium,Mumbai Indians
Chennai,2012-04-30,"MA Chidambaram Stadium, Chepauk",Kolkata Knight Riders
Cuttack,2012-05-01,Barabati Stadium,Deccan Chargers
Jaipur,2012-05-01,Sawai Mansingh Stadium,Delhi Daredevils
Bangalore,2012-05-02,M Chinnaswamy Stadium,Kings XI Punjab
Pune,2012-05-03,Subrata Roy Sahara Stadium,Mumbai Indians
Chennai,2012-05-04,"MA Chidambaram Stadium, Chepauk",Chennai Super Kings
Kolkata,2012-05-05,Eden Gardens,Kolkata Knight Riders
Chandigarh,2012-05-05,"Punjab Cricket Association Stadium, Mohali",Rajasthan Royals
Mumbai,2012-05-06,Wankhede Stadium,Mumbai Indians
Bangalore,2012-05-06,M Chinnaswamy Stadium,Royal Challengers Bangalore
Delhi,2012-05-07,Feroz Shah Kotla,Kolkata Knight Riders
Pune,2012-05-08,Subrata Roy Sahara Stadium,Rajasthan Royals
Hyderabad,2012-05-08,"Rajiv Gandhi International Stadium, Uppal",Kings XI Punjab
Mumbai,2012-05-09,Wankhede Stadium,Royal Challengers Bangalore
Jaipur,2012-05-10,Sawai Mansingh Stadium,Chennai Super Kings
Pune,2012-05-11,Subrata Roy Sahara Stadium,Royal Challengers Bangalore
Kolkata,2012-05-12,Eden Gardens,Mumbai Indians
Chennai,2012-05-12,"MA Chidambaram Stadium, Chepauk",Chennai Super Kings
Jaipur,2012-05-13,Sawai Mansingh Stadium,Rajasthan Royals
Chandigarh,2012-05-13,"Punjab Cricket Association Stadium, Mohali",Kings XI Punjab
Bangalore,2012-05-14,M Chinnaswamy Stadium,Mumbai Indians
Kolkata,2012-05-14,Eden Gardens,Chennai Super Kings
Delhi,2012-05-15,Feroz Shah Kotla,Delhi Daredevils
Mumbai,2012-05-16,Wankhede Stadium,Kolkata Knight Riders
Dharamsala,2012-05-17,Himachal Pradesh Cricket Association Stadium,Kings XI Punjab
Delhi,2012-05-17,Feroz Shah Kotla,Royal Challengers Bangalore
Hyderabad,2012-05-18,"Rajiv Gandhi International Stadium, Uppal",Deccan Chargers
Dharamsala,2012-05-19,Himachal Pradesh Cricket Association Stadium,Delhi Daredevils
Pune,2012-05-19,Subrata Roy Sahara Stadium,Kolkata Knight Riders
Hyderabad,2012-05-20,"Rajiv Gandhi International Stadium, Uppal",Deccan Chargers
Jaipur,2012-05-20,Sawai Mansingh Stadium,Mumbai Indians
Pune,2012-05-22,Subrata Roy Sahara Stadium,Kolkata Knight Riders
Bangalore,2012-05-23,M Chinnaswamy Stadium,Chennai Super Kings
Chennai,2012-05-25,"MA Chidambaram Stadium, Chepauk",Chennai Super Kings
Chennai,2012-05-27,"MA Chidambaram Stadium, Chepauk",Kolkata Knight Riders
Kolkata,2013-04-03,Eden Gardens,Kolkata Knight Riders
Bangalore,2013-04-04,M Chinnaswamy Stadium,Royal Challengers Bangalore
Hyderabad,2013-04-05,"Rajiv Gandhi International Stadium, Uppal",Sunrisers Hyderabad
Delhi,2013-04-06,Feroz Shah Kotla,Rajasthan Royals
Chennai,2013-04-06,"MA Chidambaram Stadium, Chepauk",Mumbai Indians
Pune,2013-04-07,Subrata Roy Sahara Stadium,Kings XI Punjab
Hyderabad,2013-04-07,"Rajiv Gandhi International Stadium, Uppal",Sunrisers Hyderabad
Jaipur,2013-04-08,Sawai Mansingh Stadium,Rajasthan Royals
Mumbai,2013-04-09,Wankhede Stadium,Mumbai Indians
Chandigarh,2013-04-10,"Punjab Cricket Association Stadium, Mohali",Chennai Super Kings
Bangalore,2013-04-11,M Chinnaswamy Stadium,Royal Challengers Bangalore
Pune,2013-04-11,Subrata Roy Sahara Stadium,Pune Warriors
Delhi,2013-04-12,Feroz Shah Kotla,Sunrisers Hyderabad
Mumbai,2013-04-13,Wankhede Stadium,Mumbai Indians
Chennai,2013-04-13,"MA Chidambaram Stadium, Chepauk",Chennai Super Kings
Kolkata,2013-04-14,Eden Gardens,Kolkata Knight Riders
Jaipur,2013-04-14,Sawai Mansingh Stadium,Rajasthan Royals
Chennai,2013-04-15,"MA Chidambaram Stadium, Chepauk",Pune Warriors
Chandigarh,2013-04-16,"Punjab Cricket Association Stadium, Mohali",Kings XI Punjab
Bangalore,2013-04-16,M Chinnaswamy Stadium,Royal Challengers Bangalore
Pune,2013-04-17,Subrata Roy Sahara Stadium,Sunrisers Hyderabad
Jaipur,2013-04-17,Sawai Mansingh Stadium,Rajasthan Royals
Delhi,2013-04-18,Feroz Shah Kotla,Chennai Super Kings
Hyderabad,2013-04-19,"Rajiv Gandhi International Stadium, Uppal",Sunrisers Hyderabad
Kolkata,2013-04-20,Eden Gardens,Chennai Super Kings
Bangalore,2013-04-20,M Chinnaswamy Stadium,Royal Challengers Bangalore
Delhi,2013-04-21,Feroz Shah Kotla,Delhi Daredevils
Chandigarh,2013-04-21,"Punjab Cricket Association Stadium, Mohali",Kings XI Punjab
Chennai,2013-04-22,"MA Chidambaram Stadium, Chepauk",Chennai Super Kings
Bangalore,2013-04-23,M Chinnaswamy Stadium,Royal Challengers Bangalore
Dharamsala,2013-05-16,Himachal Pradesh Cricket Association Stadium,Kings XI Punjab
Kolkata,2013-04-24,Eden Gardens,Mumbai Indians
Chennai,2013-04-25,"MA Chidambaram Stadium, Chepauk",Chennai Super Kings
Kolkata,2013-04-26,Eden Gardens,Kolkata Knight Riders
Jaipur,2013-04-27,Sawai Mansingh Stadium,Rajasthan Royals
Mumbai,2013-04-27,Wankhede Stadium,Mumbai Indians
Chennai,2013-04-28,"MA Chidambaram Stadium, Chepauk",Chennai Super Kings
Raipur,2013-04-28,Shaheed Veer Narayan Singh International Stadium,Delhi Daredevils
Jaipur,2013-04-29,Sawai Mansingh Stadium,Rajasthan Royals
Mumbai,2013-04-29,Wankhede Stadium,Mumbai Indians
Pune,2013-04-30,Subrata Roy Sahara Stadium,Chennai Super Kings
Hyderabad,2013-05-01,"Rajiv Gandhi International Stadium, Uppal",Sunrisers Hyderabad
Raipur,2013-05-01,Shaheed Veer Narayan Singh International Stadium,Delhi Daredevils
Chennai,2013-05-02,"MA Chidambaram Stadium, Chepauk",Chennai Super Kings
Pune,2013-05-02,Subrata Roy Sahara Stadium,Royal Challengers Bangalore
Kolkata,2013-05-03,Eden Gardens,Kolkata Knight Riders
Hyderabad,2013-05-04,"Rajiv Gandhi International Stadium, Uppal",Sunrisers Hyderabad
Bangalore,2013-05-14,M Chinnaswamy Stadium,Kings XI Punjab
Mumbai,2013-05-05,Wankhede Stadium,Mumbai Indians
Jaipur,2013-05-05,Sawai Mansingh Stadium,Rajasthan Royals
Bangalore,2013-04-09,M Chinnaswamy Stadium,Royal Challengers Bangalore
Jaipur,2013-05-07,Sawai Mansingh Stadium,Rajasthan Royals
Mumbai,2013-05-07,Wankhede Stadium,Mumbai Indians
Hyderabad,2013-05-08,"Rajiv Gandhi International Stadium, Uppal",Chennai Super Kings
Chandigarh,2013-05-09,"Punjab Cricket Association Stadium, Mohali",Rajasthan Royals
Pune,2013-05-09,Subrata Roy Sahara Stadium,Kolkata Knight Riders
Delhi,2013-05-10,Feroz Shah Kotla,Royal Challengers Bangalore
Pune,2013-05-11,Subrata Roy Sahara Stadium,Mumbai Indians
Chandigarh,2013-05-11,"Punjab Cricket Association Stadium, Mohali",Sunrisers Hyderabad
Ranchi,2013-05-12,JSCA International Stadium Complex,Kolkata Knight Riders
Jaipur,2013-05-12,Sawai Mansingh Stadium,Rajasthan Royals
Delhi,2013-04-23,Feroz Shah Kotla,Kings XI Punjab
Mumbai,2013-05-13,Wankhede Stadium,Mumbai Indians
Ranchi,2013-05-15,JSCA International Stadium Complex,Pune Warriors
Chennai,2013-05-14,"MA Chidambaram Stadium, Chepauk",Chennai Super Kings
Mumbai,2013-05-15,Wankhede Stadium,Mumbai Indians
Chandigarh,2013-05-06,"Punjab Cricket Association Stadium, Mohali",Kings XI Punjab
Hyderabad,2013-05-17,"Rajiv Gandhi International Stadium, Uppal",Sunrisers Hyderabad
Dharamsala,2013-05-18,Himachal Pradesh Cricket Association Stadium,Kings XI Punjab
Pune,2013-05-19,Subrata Roy Sahara Stadium,Pune Warriors
Bangalore,2013-05-18,M Chinnaswamy Stadium,Royal Challengers Bangalore
Hyderabad,2013-05-19,"Rajiv Gandhi International Stadium, Uppal",Sunrisers Hyderabad
Delhi,2013-05-21,Feroz Shah Kotla,Chennai Super Kings
Delhi,2013-05-22,Feroz Shah Kotla,Rajasthan Royals
Kolkata,2013-05-24,Eden Gardens,Mumbai Indians
Kolkata,2013-05-26,Eden Gardens,Mumbai Indians
Abu Dhabi,2014-04-16,Sheikh Zayed Stadium,Kolkata Knight Riders
,2014-04-17,Sharjah Cricket Stadium,Royal Challengers Bangalore
Abu Dhabi,2014-04-18,Sheikh Zayed Stadium,Kings XI Punjab
Abu Dhabi,2014-04-18,Sheikh Zayed Stadium,Rajasthan Royals
,2014-04-19,Dubai International Cricket Stadium,Royal Challengers Bangalore
,2014-04-19,Dubai International Cricket Stadium,Delhi Daredevils
,2014-04-20,Sharjah Cricket Stadium,Kings XI Punjab
Abu Dhabi,2014-04-21,Sheikh Zayed Stadium,Chennai Super Kings
,2014-04-22,Sharjah Cricket Stadium,Kings XI Punjab
,2014-04-23,Dubai International Cricket Stadium,Chennai Super Kings
,2014-04-24,Sharjah Cricket Stadium,Kolkata Knight Riders
,2014-04-25,Dubai International Cricket Stadium,Sunrisers Hyderabad
,2014-04-25,Dubai International Cricket Stadium,Chennai Super Kings
Abu Dhabi,2014-04-26,Sheikh Zayed Stadium,Rajasthan Royals
Abu Dhabi,2014-04-26,Sheikh Zayed Stadium,Kings XI Punjab
,2014-04-27,Sharjah Cricket Stadium,Delhi Daredevils
,2014-04-27,Sharjah Cricket Stadium,Chennai Super Kings
,2014-04-28,Dubai International Cricket Stadium,Kings XI Punjab
Abu Dhabi,2014-04-29,Sheikh Zayed Stadium,Rajasthan Royals
,2014-04-30,Dubai International Cricket Stadium,Sunrisers Hyderabad
Ranchi,2014-05-02,JSCA International Stadium Complex,Chennai Super Kings
Mumbai,2014-05-03,Wankhede Stadium,Mumbai Indians
Delhi,2014-05-03,Feroz Shah Kotla,Rajasthan Royals
Bangalore,2014-05-04,M Chinnaswamy Stadium,Royal Challengers Bangalore
Ahmedabad,2014-05-05,"Sardar Patel Stadium, Motera",Rajasthan Royals
Delhi,2014-05-05,Feroz Shah Kotla,Chennai Super Kings
Mumbai,2014-05-06,Wankhede Stadium,Mumbai Indians
Delhi,2014-05-07,Feroz Shah Kotla,Kolkata Knight Riders
Cuttack,2014-05-07,Barabati Stadium,Kings XI Punjab
Ahmedabad,2014-05-08,"Sardar Patel Stadium, Motera",Sunrisers Hyderabad
Bangalore,2014-05-09,M Chinnaswamy Stadium,Kings XI Punjab
Delhi,2014-05-10,Feroz Shah Kotla,Sunrisers Hyderabad
Mumbai,2014-05-10,Wankhede Stadium,Chennai Super Kings
Cuttack,2014-05-11,Barabati Stadium,Kolkata Knight Riders
Bangalore,2014-05-11,M Chinnaswamy Stadium,Rajasthan Royals
Hyderabad,2014-05-12,"Rajiv Gandhi International Stadium, Uppal",Mumbai Indians
Ranchi,2014-05-13,JSCA International Stadium Complex,Chennai Super Kings
Bangalore,2014-05-13,M Chinnaswamy Stadium,Royal Challengers Bangalore
Hyderabad,2014-05-14,"Rajiv Gandhi International Stadium, Uppal",Kings XI Punjab
Cuttack,2014-05-14,Barabati Stadium,Kolkata Knight Riders
Ahmedabad,2014-05-15,"Sardar Patel Stadium, Motera",Rajasthan Royals
Ranchi,2014-05-18,JSCA International Stadium Complex,Royal Challengers Bangalore
Hyderabad,2014-05-18,"Rajiv Gandhi International Stadium, Uppal",Kolkata Knight Riders
Ahmedabad,2014-05-19,"Sardar Patel Stadium, Motera",Mumbai Indians
Delhi,2014-05-19,Feroz Shah Kotla,Kings XI Punjab
Hyderabad,2014-05-20,"Rajiv Gandhi International Stadium, Uppal",Sunrisers Hyderabad
Kolkata,2014-05-20,Eden Gardens,Kolkata Knight Riders
Chandigarh,2014-05-21,"Punjab Cricket Association Stadium, Mohali",Mumbai Indians
Kolkata,2014-05-22,Eden Gardens,Kolkata Knight Riders
Ranchi,2014-05-22,JSCA International Stadium Complex,Sunrisers Hyderabad
Mumbai,2014-05-23,Wankhede Stadium,Mumbai Indians
Chandigarh,2014-05-23,"Punjab Cricket Association Stadium, Mohali",Kings XI Punjab
Bangalore,2014-05-24,M Chinnaswamy Stadium,Chennai Super Kings
Kolkata,2014-05-24,Eden Gardens,Kolkata Knight Riders
Chandigarh,2014-05-25,"Punjab Cricket Association Stadium, Mohali",Kings XI Punjab
Mumbai,2014-05-25,Wankhede Stadium,Mumbai Indians
Kolkata,2014-05-27,Eden Gardens,Kolkata Knight Riders
Mumbai,2014-05-28,Brabourne Stadium,Chennai Super Kings
Mumbai,2014-05-30,Wankhede Stadium,Kings XI Punjab
Bangalore,2014-06-01,M Chinnaswamy Stadium,Kolkata Knight Riders
Kolkata,2015-04-08,Eden Gardens,Kolkata Knight Riders
Chennai,2015-04-09,"MA Chidambaram Stadium, Chepauk",Chennai Super Kings
Pune,2015-04-10,Maharashtra Cricket Association Stadium,Rajasthan Royals
Chennai,2015-04-11,"MA Chidambaram Stadium, Chepauk",Chennai Super Kings
Kolkata,2015-04-11,Eden Gardens,Royal Challengers Bangalore
Delhi,2015-04-12,Feroz Shah Kotla,Rajasthan Royals
Mumbai,2015-04-12,Wankhede Stadium,Kings XI Punjab
Bangalore,2015-04-13,M Chinnaswamy Stadium,Sunrisers Hyderabad
Ahmedabad,2015-04-14,"Sardar Patel Stadium, Motera",Rajasthan Royals
Kolkata,2015-04-30,Eden Gardens,Kolkata Knight Riders
Pune,2015-04-15,Maharashtra Cricket Association Stadium,Delhi Daredevils
Visakhapatnam,2015-04-16,Dr. Y.S. Rajasekhara Reddy ACA-VDCA Cricket Stadium,Rajasthan Royals
Mumbai,2015-04-17,Wankhede Stadium,Chennai Super Kings
Visakhapatnam,2015-04-18,Dr. Y.S. Rajasekhara Reddy ACA-VDCA Cricket Stadium,Delhi Daredevils
Pune,2015-04-18,Maharashtra Cricket Association Stadium,Kolkata Knight Riders
Ahmedabad,2015-04-19,"Sardar Patel Stadium, Motera",Rajasthan Royals
Bangalore,2015-04-19,M Chinnaswamy Stadium,Mumbai Indians
Delhi,2015-04-20,Feroz Shah Kotla,Kolkata Knight Riders
Ahmedabad,2015-04-21,"Sardar Patel Stadium, Motera",Kings XI Punjab
Visakhapatnam,2015-04-22,Dr. Y.S. Rajasekhara Reddy ACA-VDCA Cricket Stadium,Sunrisers Hyderabad
Bangalore,2015-04-22,M Chinnaswamy Stadium,Chennai Super Kings
Delhi,2015-04-23,Feroz Shah Kotla,Delhi Daredevils
Ahmedabad,2015-04-24,"Sardar Patel Stadium, Motera",Royal Challengers Bangalore
Mumbai,2015-04-25,Wankhede Stadium,Mumbai Indians
Chennai,2015-04-25,"MA Chidambaram Stadium, Chepauk",Chennai Super Kings
Delhi,2015-04-26,Feroz Shah Kotla,Royal Challengers Bangalore
Chandigarh,2015-04-27,"Punjab Cricket Association Stadium, Mohali",Sunrisers Hyderabad
Kolkata,2015-05-07,Eden Gardens,Kolkata Knight Riders
Bangalore,2015-04-29,M Chinnaswamy Stadium,
Chennai,2015-04-28,"MA Chidambaram Stadium, Chepauk",Chennai Super Kings
Delhi,2015-05-01,Feroz Shah Kotla,Delhi Daredevils
Mumbai,2015-05-01,Wankhede Stadium,Mumbai Indians
Bangalore,2015-05-02,M Chinnaswamy Stadium,Royal Challengers Bangalore
Hyderabad,2015-05-02,"Rajiv Gandhi International Stadium, Uppal",Sunrisers Hyderabad
Chandigarh,2015-05-03,"Punjab Cricket Association Stadium, Mohali",Mumbai Indians
Mumbai,2015-05-03,Brabourne Stadium,Rajasthan Royals
Chennai,2015-05-04,"MA Chidambaram Stadium, Chepauk",Chennai Super Kings
Kolkata,2015-05-04,Eden Gardens,Kolkata Knight Riders
Mumbai,2015-05-05,Wankhede Stadium,Mumbai Indians
Bangalore,2015-05-06,M Chinnaswamy Stadium,Royal Challengers Bangalore
Mumbai,2015-05-07,Brabourne Stadium,Sunrisers Hyderabad
Chennai,2015-05-08,"MA Chidambaram Stadium, Chepauk",Mumbai Indians
Kolkata,2015-05-09,Eden Gardens,Kolkata Knight Riders
Raipur,2015-05-09,Shaheed Veer Narayan Singh International Stadium,Sunrisers Hyderabad
Mumbai,2015-05-10,Wankhede Stadium,Royal Challengers Bangalore
Chennai,2015-05-10,"MA Chidambaram Stadium, Chepauk",Chennai Super Kings
Hyderabad,2015-05-11,"Rajiv Gandhi International Stadium, Uppal",Sunrisers Hyderabad
Raipur,2015-05-12,Shaheed Veer Narayan Singh International Stadium,Delhi Daredevils
Chandigarh,2015-05-13,"Punjab Cricket Association Stadium, Mohali",Kings XI Punjab
Mumbai,2015-05-14,Wankhede Stadium,Mumbai Indians
Hyderabad,2015-05-15,"Rajiv Gandhi International Stadium, Uppal",Royal Challengers Bangalore
Chandigarh,2015-05-16,"Punjab Cricket Association Stadium, Mohali",Chennai Super Kings
Mumbai,2015-05-16,Brabourne Stadium,Rajasthan Royals
Bangalore,2015-05-17,M Chinnaswamy Stadium,
Hyderabad,2015-05-17,"Rajiv Gandhi International Stadium, Uppal",Mumbai Indians
Mumbai,2015-05-19,Wankhede Stadium,Mumbai Indians
Pune,2015-05-20,Maharashtra Cricket Association Stadium,Royal Challengers Bangalore
Ranchi,2015-05-22,JSCA International Stadium Complex,Chennai Super Kings
Kolkata,2015-05-24,Eden Gardens,Mumbai Indians
Mumbai,2016-04-09,Wankhede Stadium,Rising Pune Supergiants
Kolkata,2016-04-10,Eden Gardens,Kolkata Knight Riders
Chandigarh,2016-04-11,"Punjab Cricket Association IS Bindra Stadium, Mohali",Gujarat Lions
Bangalore,2016-04-12,M Chinnaswamy Stadium,Royal Challengers Bangalore
Kolkata,2016-04-13,Eden Gardens,Mumbai Indians
Rajkot,2016-04-14,Saurashtra Cricket Association Stadium,Gujarat Lions
Delhi,2016-04-15,Feroz Shah Kotla,Delhi Daredevils
Hyderabad,2016-04-16,"Rajiv Gandhi International Stadium, Uppal",Kolkata Knight Riders
Mumbai,2016-04-16,Wankhede Stadium,Gujarat Lions
Chandigarh,2016-04-17,"Punjab Cricket Association IS Bindra Stadium, Mohali",Kings XI Punjab
Bangalore,2016-04-17,M Chinnaswamy Stadium,Delhi Daredevils
Hyderabad,2016-04-18,"Rajiv Gandhi International Stadium, Uppal",Sunrisers Hyderabad
Chandigarh,2016-04-19,"Punjab Cricket Association IS Bindra Stadium, Mohali",Kolkata Knight Riders
Mumbai,2016-04-20,Wankhede Stadium,Mumbai Indians
Rajkot,2016-04-21,Saurashtra Cricket Association Stadium,Sunrisers Hyderabad
Pune,2016-04-22,Maharashtra Cricket Association Stadium,Royal Challengers Bangalore
Delhi,2016-04-23,Feroz Shah Kotla,Delhi Daredevils
Hyderabad,2016-04-23,"Rajiv Gandhi International Stadium, Uppal",Sunrisers Hyderabad
Rajkot,2016-04-24,Saurashtra Cricket Association Stadium,Gujarat Lions
Pune,2016-04-24,Maharashtra Cricket Association Stadium,Kolkata Knight Riders
Chandigarh,2016-04-25,"Punjab Cricket Association IS Bindra Stadium, Mohali",Mumbai Indians
Hyderabad,2016-04-26,"Rajiv Gandhi International Stadium, Uppal",Rising Pune Supergiants
Delhi,2016-04-27,Feroz Shah Kotla,Gujarat Lions
Mumbai,2016-04-28,Wankhede Stadium,Mumbai Indians
Pune,2016-04-29,Maharashtra Cricket Association Stadium,Gujarat Lions
Delhi,2016-04-30,Feroz Shah Kotla,Delhi Daredevils
Hyderabad,2016-04-30,"Rajiv Gandhi International Stadium, Uppal",Sunrisers Hyderabad
Rajkot,2016-05-01,Saurashtra Cricket Association Stadium,Kings XI Punjab
Pune,2016-05-01,Maharashtra Cricket Association Stadium,Mumbai Indians
Bangalore,2016-05-02,M Chinnaswamy Stadium,Kolkata Knight Riders
Rajkot,2016-05-03,Saurashtra Cricket Association Stadium,Delhi Daredevils
Kolkata,2016-05-04,Eden Gardens,Kolkata Knight Riders
Delhi,2016-05-05,Feroz Shah Kotla,Rising Pune Supergiants
Hyderabad,2016-05-06,"Rajiv Gandhi International Stadium, Uppal",Sunrisers Hyderabad
Bangalore,2016-05-07,M Chinnaswamy Stadium,Royal Challengers Bangalore
Chandigarh,2016-05-07,"Punjab Cricket Association IS Bindra Stadium, Mohali",Kings XI Punjab
Visakhapatnam,2016-05-08,Dr. Y.S. Rajasekhara Reddy ACA-VDCA Cricket Stadium,Sunrisers Hyderabad
Kolkata,2016-05-08,Eden Gardens,Gujarat Lions
Chandigarh,2016-05-09,"Punjab Cricket Association IS Bindra Stadium, Mohali",Royal Challengers Bangalore
Visakhapatnam,2016-05-10,Dr. Y.S. Rajasekhara Reddy ACA-VDCA Cricket Stadium,Sunrisers Hyderabad
Bangalore,2016-05-11,M Chinnaswamy Stadium,Mumbai Indians
Hyderabad,2016-05-12,"Rajiv Gandhi International Stadium, Uppal",Delhi Daredevils
Visakhapatnam,2016-05-13,Dr. Y.S. Rajasekhara Reddy ACA-VDCA Cricket Stadium,Kings XI Punjab
Bangalore,2016-05-14,M Chinnaswamy Stadium,Royal Challengers Bangalore
Kolkata,2016-05-14,Eden Gardens,Kolkata Knight Riders
Chandigarh,2016-05-15,"Punjab Cricket Association IS Bindra Stadium, Mohali",Sunrisers Hyderabad
Visakhapatnam,2016-05-15,Dr. Y.S. Rajasekhara Reddy ACA-VDCA Cricket Stadium,Mumbai Indians
Kolkata,2016-05-16,Eden Gardens,Royal Challengers Bangalore
Visakhapatnam,2016-05-17,Dr. Y.S. Rajasekhara Reddy ACA-VDCA Cricket Stadium,Rising Pune Supergiants
Bangalore,2016-05-18,M Chinnaswamy Stadium,Royal Challengers Bangalore
Kanpur,2016-05-19,Green Park,Gujarat Lions
Raipur,2016-05-20,Shaheed Veer Narayan Singh International Stadium,Delhi Daredevils
Visakhapatnam,2016-05-21,Dr. Y.S. Rajasekhara Reddy ACA-VDCA Cricket Stadium,Rising Pune Supergiants
Kanpur,2016-05-21,Green Park,Gujarat Lions
Kolkata,2016-05-22,Eden Gardens,Kolkata Knight Riders
Raipur,2016-05-22,Shaheed Veer Narayan Singh International Stadium,Royal Challengers Bangalore
Bangalore,2016-05-24,M Chinnaswamy Stadium,Royal Challengers Bangalore
Delhi,2016-05-25,Feroz Shah Kotla,Sunrisers Hyderabad
Delhi,2016-05-27,Feroz Shah Kotla,Sunrisers Hyderabad
Bangalore,2016-05-29,M Chinnaswamy Stadium,Sunrisers Hyderabad
Hyderabad,2017-04-05,"Rajiv Gandhi International Stadium, Uppal",Sunrisers Hyderabad
Pune,2017-04-06,Maharashtra Cricket Association Stadium,Rising Pune Supergiant
Rajkot,2017-04-07,Saurashtra Cricket Association Stadium,Kolkata Knight Riders
Indore,2017-04-08,Holkar Cricket Stadium,Kings XI Punjab
Bengaluru,2017-04-08,M.Chinnaswamy Stadium,Royal Challengers Bangalore
Hyderabad,2017-04-09,"Rajiv Gandhi International Stadium, Uppal",Sunrisers Hyderabad
Mumbai,2017-04-09,Wankhede Stadium,Mumbai Indians
Indore,2017-04-10,Holkar Cricket Stadium,Kings XI Punjab
Pune,2017-04-11,Maharashtra Cricket Association Stadium,Delhi Daredevils
Mumbai,2017-04-12,Wankhede Stadium,Mumbai Indians
Kolkata,2017-04-13,Eden Gardens,Kolkata Knight Riders
Bangalore,2017-04-14,M Chinnaswamy Stadium,Mumbai Indians
Rajkot,2017-04-14,Saurashtra Cricket Association Stadium,Gujarat Lions
Kolkata,2017-04-15,Eden Gardens,Kolkata Knight Riders
Delhi,2017-04-15,Feroz Shah Kotla,Delhi Daredevils
Mumbai,2017-04-16,Wankhede Stadium,Mumbai Indians
Bangalore,2017-04-16,M Chinnaswamy Stadium,Rising Pune Supergiant
Delhi,2017-04-17,Feroz Shah Kotla,Kolkata Knight Riders
Hyderabad,2017-04-17,"Rajiv Gandhi International Stadium, Uppal",Sunrisers Hyderabad
Rajkot,2017-04-18,Saurashtra Cricket Association Stadium,Royal Challengers Bangalore
Hyderabad,2017-04-19,"Rajiv Gandhi International Stadium, Uppal",Sunrisers Hyderabad
Indore,2017-04-20,Holkar Cricket Stadium,Mumbai Indians
Kolkata,2017-04-21,Eden Gardens,Gujarat Lions
Mumbai,2017-04-22,Wankhede Stadium,Mumbai Indians
Pune,2017-04-22,Maharashtra Cricket Association Stadium,Rising Pune Supergiant
Rajkot,2017-04-23,Saurashtra Cricket Association Stadium,Kings XI Punjab
Kolkata,2017-04-23,Eden Gardens,Kolkata Knight Riders
Mumbai,2017-04-24,Wankhede Stadium,Rising Pune Supergiant
Pune,2017-04-26,Maharashtra Cricket Association Stadium,Kolkata Knight Riders
Bangalore,2017-04-27,M Chinnaswamy Stadium,Gujarat Lions
Kolkata,2017-04-28,Eden Gardens,Kolkata Knight Riders
Chandigarh,2017-04-28,"Punjab Cricket Association IS Bindra Stadium, Mohali",Sunrisers Hyderabad
Pune,2017-04-29,Maharashtra Cricket Association Stadium,Rising Pune Supergiant
Rajkot,2017-04-29,Saurashtra Cricket Association Stadium,Mumbai Indians
Chandigarh,2017-04-30,"Punjab Cricket Association IS Bindra Stadium, Mohali",Kings XI Punjab
Hyderabad,2017-04-30,"Rajiv Gandhi International Stadium, Uppal",Sunrisers Hyderabad
Mumbai,2017-05-01,Wankhede Stadium,Mumbai Indians
Pune,2017-05-01,Maharashtra Cricket Association Stadium,Rising Pune Supergiant
Delhi,2017-05-02,Feroz Shah Kotla,Delhi Daredevils
Kolkata,2017-05-03,Eden Gardens,Rising Pune Supergiant
Delhi,2017-05-04,Feroz Shah Kotla,Delhi Daredevils
Bangalore,2017-05-05,M Chinnaswamy Stadium,Kings XI Punjab
Hyderabad,2017-05-06,"Rajiv Gandhi International Stadium, Uppal",Rising Pune Supergiant
Delhi,2017-05-06,Feroz Shah Kotla,Mumbai Indians
Bangalore,2017-05-07,M Chinnaswamy Stadium,Kolkata Knight Riders
Chandigarh,2017-05-07,"Punjab Cricket Association IS Bindra Stadium, Mohali",Gujarat Lions
Hyderabad,2017-05-08,"Rajiv Gandhi International Stadium, Uppal",Sunrisers Hyderabad
Chandigarh,2017-05-09,"Punjab Cricket Association IS Bindra Stadium, Mohali",Kings XI Punjab
Kanpur,2017-05-10,Green Park,Delhi Daredevils
Mumbai,2017-05-11,Wankhede Stadium,Kings XI Punjab
Delhi,2017-05-12,Feroz Shah Kotla,Delhi Daredevils
Kanpur,2017-05-13,Green Park,Sunrisers Hyderabad
Kolkata,2017-05-13,Eden Gardens,Mumbai Indians
Pune,2017-05-14,Maharashtra Cricket Association Stadium,Rising Pune Supergiant
Delhi,2017-05-14,Feroz Shah Kotla,Royal Challengers Bangalore
Mumbai,2017-05-16,Wankhede Stadium,Rising Pune Supergiant
Bangalore,2017-05-17,M Chinnaswamy Stadium,Kolkata Knight Riders
Bangalore,2017-05-19,M Chinnaswamy Stadium,Mumbai Indians
Hyderabad,2017-05-21,"Rajiv Gandhi International Stadium, Uppal",Mumbai Indians
Mumbai,2018-04-07,Wankhede Stadium,Chennai Super Kings
Chandigarh,2018-04-08,"Punjab Cricket Association IS Bindra Stadium, Mohali",Kings XI Punjab
Kolkata,2018-04-08,Eden Gardens,Kolkata Knight Riders
Hyderabad,2018-04-09,"Rajiv Gandhi International Stadium, Uppal",Sunrisers Hyderabad
Chennai,2018-04-10,"MA Chidambaram Stadium, Chepauk",Chennai Super Kings
Jaipur,2018-04-11,Sawai Mansingh Stadium,Rajasthan Royals
Hyderabad,2018-04-12,"Rajiv Gandhi International Stadium, Uppal",Sunrisers Hyderabad
Bengaluru,2018-04-13,M.Chinnaswamy Stadium,Royal Challengers Bangalore
Mumbai,2018-04-14,Wankhede Stadium,Delhi Daredevils
Kolkata,2018-04-14,Eden Gardens,Sunrisers Hyderabad
Bengaluru,2018-04-15,M.Chinnaswamy Stadium,Rajasthan Royals
Chandigarh,2018-04-15,"Punjab Cricket Association IS Bindra Stadium, Mohali",Kings XI Punjab
Kolkata,2018-04-16,Eden Gardens,Kolkata Knight Riders
Mumbai,2018-04-17,Wankhede Stadium,Mumbai Indians
Jaipur,2018-04-18,Sawai Mansingh Stadium,Kolkata Knight Riders
Chandigarh,2018-04-19,"Punjab Cricket Association IS Bindra Stadium, Mohali",Kings XI Punjab
Pune,2018-04-20,Maharashtra Cricket Association Stadium,Chennai Super Kings
Kolkata,2018-04-21,Eden Gardens,Kings XI Punjab
Bengaluru,2018-04-21,M.Chinnaswamy Stadium,Royal Challengers Bangalore
Hyderabad,2018-04-22,"Rajiv Gandhi International Stadium, Uppal",Chennai Super Kings
Jaipur,2018-04-22,Sawai Mansingh Stadium,Rajasthan Royals
Delhi,2018-04-23,Feroz Shah Kotla,Kings XI Punjab
Mumbai,2018-04-24,Wankhede Stadium,Sunrisers Hyderabad
Bengaluru,2018-04-25,M.Chinnaswamy Stadium,Chennai Super Kings
Hyderabad,2018-04-26,"Rajiv Gandhi International Stadium, Uppal",Sunrisers Hyderabad
Delhi,2018-04-27,Feroz Shah Kotla,Delhi Daredevils
Pune,2018-04-28,Maharashtra Cricket Association Stadium,Mumbai Indians
Jaipur,2018-04-29,Sawai Mansingh Stadium,Sunrisers Hyderabad
Bengaluru,2018-04-29,M.Chinnaswamy Stadium,Kolkata Knight Riders
Pune,2018-04-30,Maharashtra Cricket Association Stadium,Chennai Super Kings
Bengaluru,2018-05-01,M.Chinnaswamy Stadium,Royal Challengers Bangalore
Delhi,2018-05-02,Feroz Shah Kotla,Delhi Daredevils
Kolkata,2018-05-03,Eden Gardens,Kolkata Knight Riders
Indore,2018-05-04,Holkar Cricket Stadium,Mumbai Indians
Pune,2018-05-05,Maharashtra Cricket Association Stadium,Chennai Super Kings
Hyderabad,2018-05-05,"Rajiv Gandhi International Stadium, Uppal",Sunrisers Hyderabad
Mumbai,2018-05-06,Wankhede Stadium,Mumbai Indians
Indore,2018-05-06,Holkar Cricket Stadium,Kings XI Punjab
Hyderabad,2018-05-07,"Rajiv Gandhi International Stadium, Uppal",Sunrisers Hyderabad
Jaipur,2018-05-08,Sawai Mansingh Stadium,Rajasthan Royals
Kolkata,2018-05-09,Eden Gardens,Mumbai Indians
Delhi,2018-05-10,Feroz Shah Kotla,Sunrisers Hyderabad
Jaipur,2018-05-11,Sawai Mansingh Stadium,Rajasthan Royals
Indore,2018-05-12,Holkar Cricket Stadium,Kolkata Knight Riders
Delhi,2018-05-12,Feroz Shah Kotla,Royal Challengers Bangalore
Pune,2018-05-13,Maharashtra Cricket Association Stadium,Chennai Super Kings
Mumbai,2018-05-13,Wankhede Stadium,Rajasthan Royals
Indore,2018-05-14,Holkar Cricket Stadium,Royal Challengers Bangalore
Kolkata,2018-05-15,Eden Gardens,Kolkata Knight Riders
Mumbai,2018-05-16,Wankhede Stadium,Mumbai Indians
Bengaluru,2018-05-17,M.Chinnaswamy Stadium,Royal Challengers Bangalore
Delhi,2018-05-18,Feroz Shah Kotla,Delhi Daredevils
Jaipur,2018-05-19,Sawai Mansingh Stadium,Rajasthan Royals
Hyderabad,2018-05-19,"Rajiv Gandhi International Stadium, Uppal",Kolkata Knight Riders
Delhi,2018-05-20,Feroz Shah Kotla,Delhi Daredevils
Pune,2018-05-20,Maharashtra Cricket Association Stadium,Chennai Super Kings
Mumbai,2018-05-22,Wankhede Stadium,Chennai Super Kings
Kolkata,2018-05-23,Eden Gardens,Kolkata Knight Riders
Kolkata,2018-05-25,Eden Gardens,Sunrisers Hyderabad
Mumbai,2018-05-27,Wankhede Stadium,Chennai Super Kings
Chennai,2019-03-23,"MA Chidambaram Stadium, Chepauk",Chennai Super Kings
Kolkata,2019-03-24,Eden Gardens,Kolkata Knight Riders
Mumbai,2019-03-24,Wankhede Stadium,Delhi Capitals
Jaipur,2019-03-25,Sawai Mansingh Stadium,Kings XI Punjab
Delhi,2019-03-26,Feroz Shah Kotla,Chennai Super Kings
Kolkata,2019-03-27,Eden Gardens,Kolkata Knight Riders
Bengaluru,2019-03-28,M.Chinnaswamy Stadium,Mumbai Indians
Hyderabad,2019-03-29,"Rajiv Gandhi International Stadium, Uppal",Sunrisers Hyderabad
Chandigarh,2019-03-30,"Punjab Cricket Association IS Bindra Stadium, Mohali",Kings XI Punjab
Delhi,2019-03-30,Feroz Shah Kotla,Delhi Capitals
Hyderabad,2019-03-31,"Rajiv Gandhi International Stadium, Uppal",Sunrisers Hyderabad
Chennai,2019-03-31,"MA Chidambaram Stadium, Chepauk",Chennai Super Kings
Chandigarh,2019-04-01,"Punjab Cricket Association IS Bindra Stadium, Mohali",Kings XI Punjab
Jaipur,2019-04-02,Sawai Mansingh Stadium,Rajasthan Royals
Mumbai,2019-04-03,Wankhede Stadium,Mumbai Indians
Delhi,2019-04-04,Feroz Shah Kotla,Sunrisers Hyderabad
Bengaluru,2019-04-05,M.Chinnaswamy Stadium,Kolkata Knight Riders
Chennai,2019-04-06,"MA Chidambaram Stadium, Chepauk",Chennai Super Kings
Hyderabad,2019-04-06,"Rajiv Gandhi International Stadium, Uppal",Mumbai Indians
Bengaluru,2019-04-07,M.Chinnaswamy Stadium,Delhi Capitals
Jaipur,2019-04-07,Sawai Mansingh Stadium,Kolkata Knight Riders
Chandigarh,2019-04-08,"Punjab Cricket Association IS Bindra Stadium, Mohali",Kings XI Punjab
Chennai,2019-04-09,"MA Chidambaram Stadium, Chepauk",Chennai Super Kings
Mumbai,2019-04-10,Wankhede Stadium,Mumbai Indians
Jaipur,2019-04-11,Sawai Mansingh Stadium,Chennai Super Kings
Kolkata,2019-04-12,Eden Gardens,Delhi Capitals
Mumbai,2019-04-13,Wankhede Stadium,Rajasthan Royals
Chandigarh,2019-04-13,"Punjab Cricket Association IS Bindra Stadium, Mohali",Royal Challengers Bangalore
Kolkata,2019-04-14,Eden Gardens,Chennai Super Kings
Hyderabad,2019-04-14,"Rajiv Gandhi International Stadium, Uppal",Delhi Capitals
Mumbai,2019-04-15,Wankhede Stadium,Mumbai Indians
Chandigarh,2019-04-16,"Punjab Cricket Association IS Bindra Stadium, Mohali",Kings XI Punjab
Hyderabad,2019-04-17,"Rajiv Gandhi International Stadium, Uppal",Sunrisers Hyderabad
Delhi,2019-04-18,Feroz Shah Kotla,Mumbai Indians
Kolkata,2019-04-19,Eden Gardens,Royal Challengers Bangalore
Jaipur,2019-04-20,Sawai Mansingh Stadium,Rajasthan Royals
Delhi,2019-04-20,Feroz Shah Kotla,Delhi Capitals
Hyderabad,2019-04-21,"Rajiv Gandhi International Stadium, Uppal",Sunrisers Hyderabad
Bengaluru,2019-04-21,M.Chinnaswamy Stadium,Royal Challengers Bangalore
Jaipur,2019-04-22,Sawai Mansingh Stadium,Delhi Capitals
Chennai,2019-04-23,"MA Chidambaram Stadium, Chepauk",Chennai Super Kings
Bengaluru,2019-04-24,M.Chinnaswamy Stadium,Royal Challengers Bangalore
Kolkata,2019-04-25,Eden Gardens,Rajasthan Royals
Chennai,2019-04-26,"MA Chidambaram Stadium, Chepauk",Mumbai Indians
Jaipur,2019-04-27,Sawai Mansingh Stadium,Rajasthan Royals
Delhi,2019-04-28,Feroz Shah Kotla,Delhi Capitals
Kolkata,2019-04-28,Eden Gardens,Kolkata Knight Riders
Hyderabad,2019-04-29,"Rajiv Gandhi International Stadium, Uppal",Sunrisers Hyderabad
Bengaluru,2019-04-30,M.Chinnaswamy Stadium,
Chennai,2019-05-01,"MA Chidambaram Stadium, Chepauk",Chennai Super Kings
Mumbai,2019-05-02,Wankhede Stadium,Mumbai Indians
Chandigarh,2019-05-03,"Punjab Cricket Association IS Bindra Stadium, Mohali",Kolkata Knight Riders
Delhi,2019-05-04,Feroz Shah Kotla,Delhi Capitals
Bengaluru,2019-05-04,M.Chinnaswamy Stadium,Royal Challengers Bangalore
Chandigarh,2019-05-05,"Punjab Cricket Association IS Bindra Stadium, Mohali",Kings XI Punjab
Mumbai,2019-05-05,Wankhede Stadium,Mumbai Indians
Chennai,2019-05-07,"MA Chidambaram Stadium, Chepauk",Mumbai Indians
Visakhapatnam,2019-05-08,Dr. Y.S. Rajasekhara Reddy ACA-VDCA Cricket Stadium,Delhi Capitals
Visakhapatnam,2019-05-10,Dr. Y.S. Rajasekhara Reddy ACA-VDCA Cricket Stadium,Chennai Super Kings
Hyderabad,2019-05-12,"Rajiv Gandhi International Stadium, Uppal",Mumbai Indians
Abu Dhabi,2020-09-19,Sheikh Zayed Stadium,Chennai Super Kings
Dubai,2020-09-20,Dubai International Cricket Stadium,Delhi Capitals
Abu Dhabi,2020-10-21,Sheikh Zayed Stadium,Royal Challengers Bangalore
Sharjah,2020-11-03,Sharjah Cricket Stadium,Sunrisers Hyderabad
Sharjah,2020-09-22,Sharjah Cricket Stadium,Rajasthan Royals
Abu Dhabi,2020-10-24,Sheikh Zayed Stadium,Kolkata Knight Riders
Dubai,2020-10-24,Dubai International Cricket Stadium,Kings XI Punjab
Abu Dhabi,2020-10-28,Sheikh Zayed Stadium,Mumbai Indians
Sharjah,2020-10-09,Sharjah Cricket Stadium,Delhi Capitals
Abu Dhabi,2020-10-07,Sheikh Zayed Stadium,Kolkata Knight Riders
Sharjah,2020-10-31,Sharjah Cricket Stadium,Sunrisers Hyderabad
Abu Dhabi,2020-10-01,Sheikh Zayed Stadium,Mumbai Indians
Dubai,2020-09-30,Dubai International Cricket Stadium,Kolkata Knight Riders
Abu Dhabi,2020-11-02,Sheikh Zayed Stadium,Delhi Capitals
Abu Dhabi,2020-11-01,Sheikh Zayed Stadium,Chennai Super Kings
Dubai,2020-10-11,Dubai International Cricket Stadium,Rajasthan Royals
Abu Dhabi,2020-09-23,Sheikh Zayed Stadium,Mumbai Indians
Sharjah,2020-10-17,Sharjah Cricket Stadium,Delhi Capitals
Dubai,2020-09-24,Dubai International Cricket Stadium,Kings XI Punjab
Abu Dhabi,2020-10-06,Sheikh Zayed Stadium,Mumbai Indians
Abu Dhabi,2020-10-18,Sheikh Zayed Stadium,Kolkata Knight Riders
Dubai,2020-10-04,Dubai International Cricket Stadium,Chennai Super Kings
Abu Dhabi,2020-10-03,Sheikh Zayed Stadium,Royal Challengers Bangalore
Sharjah,2020-10-03,Sharjah Cricket Stadium,Delhi Capitals
Dubai,2020-10-02,Dubai International Cricket Stadium,Sunrisers Hyderabad
Dubai,2020-10-18,Dubai International Cricket Stadium,Kings XI Punjab
Dubai,2020-10-22,Dubai International Cricket Stadium,Sunrisers Hyderabad
Dubai,2020-10-05,Dubai International Cricket Stadium,Delhi Capitals
Sharjah,2020-10-26,Sharjah Cricket Stadium,Kings XI Punjab
Sharjah,2020-10-23,Sharjah Cricket Stadium,Mumbai Indians
Dubai,2020-10-17,Dubai International Cricket Stadium,Royal Challengers Bangalore
Abu Dhabi,2020-10-10,Sheikh Zayed Stadium,Kolkata Knight Riders
Dubai,2020-10-27,Dubai International Cricket Stadium,Sunrisers Hyderabad
Dubai,2020-10-10,Dubai International Cricket Stadium,Royal Challengers Bangalore
Abu Dhabi,2020-10-16,Sheikh Zayed Stadium,Mumbai Indians
Sharjah,2020-09-27,Sharjah Cricket Stadium,Rajasthan Royals
Dubai,2020-10-13,Dubai International Cricket Stadium,Chennai Super Kings
Abu Dhabi,2020-10-11,Sheikh Zayed Stadium,Mumbai Indians
Dubai,2020-11-01,Dubai International Cricket Stadium,Kolkata Knight Riders
Sharjah,2020-10-15,Sharjah Cricket Stadium,Kings XI Punjab
Abu Dhabi,2020-09-29,Sheikh Zayed Stadium,Sunrisers Hyderabad
Abu Dhabi,2020-10-19,Sheikh Zayed Stadium,Rajasthan Royals
Dubai,2020-09-21,Dubai International Cricket Stadium,Royal Challengers Bangalore
Dubai,2020-10-31,Dubai International Cricket Stadium,Mumbai Indians
Dubai,2020-10-29,Dubai International Cricket Stadium,Chennai Super Kings
Abu Dhabi,2020-10-30,Sheikh Zayed Stadium,Rajasthan Royals
Sharjah,2020-10-04,Sharjah Cricket Stadium,Mumbai Indians
Dubai,2020-09-25,Dubai International Cricket Stadium,Delhi Capitals
Sharjah,2020-10-12,Sharjah Cricket Stadium,Royal Challengers Bangalore
Abu Dhabi,2020-10-25,Sheikh Zayed Stadium,Rajasthan Royals
Dubai,2020-10-08,Dubai International Cricket Stadium,Sunrisers Hyderabad
Dubai,2020-10-14,Dubai International Cricket Stadium,Delhi Capitals
Dubai,2020-10-25,Dubai International Cricket Stadium,Chennai Super Kings
Abu Dhabi,2020-09-26,Sheikh Zayed Stadium,Kolkata Knight Riders
Dubai,2020-10-20,Dubai International Cricket Stadium,Kings XI Punjab
Dubai,2020-09-28,Dubai International Cricket Stadium,Royal Challengers Bangalore
Dubai,2020-11-05,Dubai International Cricket Stadium,Mumbai Indians
Abu Dhabi,2020-11-06,Sheikh Zayed Stadium,Sunrisers Hyderabad
Abu Dhabi,2020-11-08,Sheikh Zayed Stadium,Delhi Capitals
Dubai,2020-11-10,Dubai International Cricket Stadium,Mumbai Indians
